node,typecode,x,y,id,name,adname,roadname,roadname_origin,桥隧类型
346,190307,121.644055,31.264914,B0FFF9R20H,金海路跨线桥,浦东新区,外环高速,外环高速,高架桥
177,190307,121.443891,31.249791,B0FFGQ7A7Z,昌化路桥,普陀区,昌化路桥,中潭路,拱桥
188,190307,121.454782,31.239514,B0FFKUZ9VZ,昌平路桥,静安区,昌平路,恒通路,拱桥
205,190307,121.465974,31.240859,BY0001M4K0,新闸桥,静安区,新闸桥,大统路,拱桥
208,190307,121.480073,31.191243,B0FFG44XME,卢浦大桥,黄浦区,卢浦大桥,南北高架路,拱桥
333,190307,121.578107,31.286795,B0FFG0ZHGN,赵家沟大桥,浦东新区,赵家沟大桥,浦东北路,拱桥
216,190307,121.476553,31.241434,B0FFH4K395,浙江路桥,黄浦区,浙江路桥,浙江北路,桁架桥
241,190307,121.49006,31.242896,B00155IL1T,外白渡桥,黄浦区,外白渡桥,外滩隧道,桁架桥
25,190306,121.393367,31.123463,B0FFFAAF3F,莘庄立交,闵行区,莘庄立交,沪闵路,立交桥
35,190306,121.376643,31.219573,B0GRVZRRT9,中环立交桥,长宁区,中环立交桥,北翟路辅路,立交桥
53,190306,121.364181,31.308988,B0FFFA9QVL,丰翔路二号桥,宝山区,丰翔路二号桥,丰翔路,立交桥
60,190306,121.411514,31.141399,B0FFFAA2ML,虹梅路立交桥,徐汇区,虹梅路立交桥,虹梅路,立交桥
70,190306,121.387998,31.246875,B0FFFA9ZDK,真北路立交桥,普陀区,真北路立交桥,曹安路辅路,立交桥
73,190306,121.378903,31.287226,B0FFGCI0MD,祁连山路立交桥,普陀区,祁连山路立交桥,S5沪嘉高速,立交桥
103,190306,121.412011,31.206,B0FFFAA6EX,内环延安西路立交桥,长宁区,延安西路立交桥,内环高架路,立交桥
129,190306,121.409548,31.260294,B0FFJS2UCO,真华路立交,普陀区,真华路,真华南路,立交桥
138,190306,121.405689,31.286999,B0GRVZTWB7,中环沪嘉立交桥,宝山区,中环沪嘉立交桥,中环路,立交桥
142,190306,121.435819,31.179802,B0FFFAA6EZ,内环漕溪北路立交桥,徐汇区,内环漕溪北路立交桥,漕溪路,立交桥
153,190306,121.422296,31.259702,B0FFFA9Q0Q,岚皋路立交桥,普陀区,岚皋路立交桥,岚皋路,立交桥
156,190306,121.414427,31.297673,B0FFFAA8AH,大场立交桥,宝山区,大场立交桥,沪太路,立交桥
169,190306,121.43089,31.258004,B0FFFAAEU9,光新路铁路立交桥,普陀区,光新路铁路立交桥,志丹路,立交桥
187,190306,121.452448,31.247836,B0FFGCIG1O,恒丰路立交桥,静安区,恒丰路立交桥,恒丰路,立交桥
200,190306,121.461972,31.244591,B0FFFAA7A3,天目中路立交桥,静安区,天目中路立交桥,天目中路立交桥,立交桥
201,190306,121.450044,31.293062,B0FFFAAEIQ,中环共和新路立交桥,静安区,中环共和新路立交桥,共和新路,立交桥
203,190306,121.448906,31.303199,B00156EWSN,彭浦立交,静安区,共和新路,共和新路,立交桥
204,190306,121.469303,31.224392,B0FFFAA86M,延安东路立交桥,黄浦区,延安东路立交桥,成都北路,立交桥
206,190306,121.477618,31.197383,B0FFFAA0VE,鲁班路立交,黄浦区,鲁班路立交,鲁班路,立交桥
207,190306,121.461534,31.260795,B0FFFAA6EN,内环共和新路立交桥,静安区,内环共和新路立交桥,南北高架路,立交桥
229,190306,121.467734,31.306248,B0FFFAA967,江杨南路立交桥,虹口区,江杨南路立交桥,江杨南路立交桥,立交桥
237,190306,121.471742,31.306647,B0FFG6MQN8,南何支线铁路立交桥,虹口区,场中路,场中路,立交桥
247,190306,121.500792,31.20857,B0FFFAA6ET,内环南浦大桥立交桥,黄浦区,内环高架路,内环高架路,立交桥
266,190306,121.48944,31.29253,B0GR9HQ2VJ,大柏树立交桥,虹口区,大柏树立交桥,逸仙高架路,立交桥
277,190306,121.5291,31.199157,B0FFFA9YQH,龙阳路立交桥,浦东新区,龙阳路立交桥,杨高南路,立交桥
282,190306,121.531708,31.207766,B0FFFAAFTE,杨高路浦建路立交,浦东新区,杨高路浦建路立交,杨高南路,立交桥
311,190306,121.540886,31.277962,BY0001MVFT,隆昌路下立交,杨浦区,隆昌路下立交,周家嘴路,立交桥
314,190306,121.532127,31.331627,B0FFFA9QC0,国伟路立交桥,杨浦区,国伟路立交桥,国伟路,立交桥
321,190306,121.546243,31.30697,B0GR9HP08W,中环军工路立交桥,杨浦区,中环军工路立交桥,翔殷路,立交桥
322,190306,121.56605,31.236351,B0FFFAA58C,罗山路立交桥,浦东新区,罗山路立交桥,内环高架路,立交桥
323,190306,121.574846,31.208522,B0FFFAAJFK,张江立交桥,浦东新区,张江立交桥,罗山高架路,立交桥
336,190306,121.62183,31.182728,B0GR9HPN01,申江路立交桥,浦东新区,申江路立交桥,中环路,立交桥
340,190306,121.604225,31.303598,B0FFFAAFMM,杨高北路立交桥,浦东新区,杨高北路立交桥,杨高北路,立交桥
344,190306,121.643733,31.225941,B0FFFA9Z9A,环东二大道立交,浦东新区,环东二大道立交,环东二大道立交,立交桥
0,190307,121.353177,31.209471,B0FFF9R20P,仙霞西路跨线桥,长宁区,仙霞西路跨线桥,仙霞西路,梁桥
1,190307,121.355404,31.202183,BZAFQZ02H5,外环潮港桥,长宁区,外环高速,外环高速,梁桥
2,190307,121.353473,31.209788,BZAFQZ02H3,外环南渔浦桥,长宁区,外环高速,外环高速,梁桥
3,190307,121.350966,31.227792,BZAFQZ02J1,金轮路朱家浜桥,长宁区,金轮路,金轮路,梁桥
4,190307,121.356195,31.214403,BZAFQZ02G9,协和路周家浜桥,长宁区,协和路周家浜桥,协和路,梁桥
5,190307,121.358605,31.214751,BZAFQZ02IU,福泉路周家浜桥,长宁区,福泉路,福泉路,梁桥
6,190307,121.355405,31.230156,BZAFQZ02G8,福泉北路朱家浜桥,长宁区,福泉北路,福泉北路,梁桥
7,190307,121.364887,31.19858,BZAFQZ02G7,检疫桥,长宁区,检疫桥,金浜路,梁桥
8,190307,121.361027,31.21415,BZAFQZ02GB,淞虹路周家浜桥,长宁区,淞虹路,淞虹路,梁桥
9,190307,121.363025,31.207965,BZAFQZ02FP,陆家浜桥,长宁区,淞虹路,淞虹路,梁桥
10,190307,121.369148,31.184642,BZAFQZ02HX,潮泾港桥,闵行区,虹井路,虹井路,梁桥
11,190307,121.361117,31.216229,BZAFQZ02GA,新渔港桥,长宁区,新渔港桥,淞虹路,梁桥
12,190307,121.370248,31.187424,BZAFQZ02HE,新泾港桥,长宁区,延安西路,延安西路,梁桥
13,190307,121.386268,31.125625,B0FFGQB418,淀浦河桥,闵行区,虹莘路,虹莘路,梁桥
16,190307,121.37332,31.184734,BZAFQZ02IS,金汇路桥,闵行区,金汇路桥,金汇路,梁桥
17,190307,121.383684,31.148021,B0FFGQ9O06,龙茗路桥,闵行区,龙茗路桥,龙茗路,梁桥
18,190307,121.369808,31.202629,BZAFQZ02GR,野奴泾桥,长宁区,剑河路,剑河路,梁桥
19,190307,121.379125,31.167623,BZAFQZ02II,金汇路蒲汇塘桥,闵行区,龙茗路,龙茗路,梁桥
20,190307,121.369413,31.206597,BZAFQZ02FB,剑河路新泾港桥,长宁区,剑河路新泾港桥,剑河路,梁桥
21,190307,121.389884,31.12776,B0IA316C2Q,龙茗路淀浦河桥,闵行区,龙茗路,龙茗路,梁桥
22,190307,121.367916,31.215298,BZAFQZ02HC,剑河路新渔浦桥,长宁区,剑河路,剑河路,梁桥
24,190307,121.371442,31.208188,BZAFQZ02HW,仙霞路桥,长宁区,仙霞路桥,仙霞西路,梁桥
26,190307,121.38492,31.162413,B00155PUGZ,南新泾港桥,闵行区,南新泾港桥,田林路,梁桥
27,190307,121.389949,31.143441,B0HDLZVUHH,新泾港桥,闵行区,平吉路,平吉路,梁桥
28,190307,121.366446,31.235102,BZAFQZ02GJ,外浜桥,普陀区,外浜桥,祁连山南路,梁桥
29,190307,121.373133,31.211661,BZAFQZ02HU,泉口路新泾港桥,长宁区,泉口路新泾港桥,泉口路,梁桥
30,190307,121.374922,31.214489,BZAFQZ02HV,新渔路新泾港桥,长宁区,新渔路,新渔路,梁桥
31,190307,121.398225,31.127537,B0FFGDRSWX,沪闵路淀浦河桥,闵行区,沪闵路,沪闵路,梁桥
32,190307,121.375607,31.216378,BZAFQZ02HM,天山西路桥,长宁区,天山西路,天山西路,梁桥
33,190307,121.375351,31.219514,BZAFQZ02F7,北翟路一号桥,长宁区,北翟路,北翟路,梁桥
34,190307,121.373904,31.226574,BZAFQZ02GH,云岭西路桥,普陀区,云岭西路桥,云岭西路,梁桥
36,190307,121.376512,31.220675,B00155P40S,真北路桥,长宁区,真北路,真北路,梁桥
38,190307,121.397127,31.152309,B0FFGQ9ROD,漕河泾港桥,闵行区,漕河泾港桥,莲花路,梁桥
39,190307,121.36422,31.282385,BZAGQZ01G8,常和路桥,普陀区,常和路,常和路,梁桥
40,190307,121.391205,31.179056,B0FFH02F5C,野奴泾桥,闵行区,吴中路,吴中路,梁桥
42,190307,121.380324,31.224538,B00155P53V,云岭东路木渎港桥,普陀区,云岭东路,云岭东路,梁桥
44,190307,121.379647,31.228347,BZAFR0025R,同普路木渎港桥,普陀区,同普路,同普路,梁桥
45,190307,121.406447,31.125315,B00155PUH2,莲花路淀浦河桥,闵行区,莲花南路,莲花南路,梁桥
46,190307,121.377785,31.238527,BZAFQZ02I0,真光路桥,普陀区,真光路,真光路,梁桥
49,190307,121.407045,31.133862,BZAER0011U,莲花路立交桥,闵行区,莲花路立交桥,梅陇西路,梁桥
51,190307,121.386233,31.219064,B0FFF9R3JD,泸定路桥,长宁区,泸定路桥,泸定路,梁桥
54,190307,121.384111,31.23201,B0FFGQ4XPT,金沙江路桥,普陀区,金沙江路桥,金沙江路,梁桥
56,190307,121.405983,31.153706,B0FFGQ6FU3,虹梅路七号桥,闵行区,虹梅路,虹梅路,梁桥
57,190307,121.397557,31.188195,BZAFR00216,上澳塘港桥,闵行区,上澳塘港桥,红松东路,梁桥
59,190307,121.400116,31.182949,B0FFH02G0P,上岙塘桥,闵行区,吴中路,吴中路,梁桥
61,190307,121.411312,31.145915,BZAER001AK,桂果路桥,徐汇区,桂江路,桂江路,梁桥
62,190307,121.40864,31.156811,B0FFGQ79MR,桂平路桥,徐汇区,桂平路,桂平路,梁桥
63,190307,121.413935,31.137327,B0FFGQ762I,虹梅路九号桥,徐汇区,虹梅南路,虹梅南路,梁桥
64,190307,121.406399,31.168313,BZAFR0021X,田林路桥,徐汇区,田林路桥,田林路,梁桥
65,190307,121.407754,31.163496,B0FFGQ72FW,漕宝路三号桥,徐汇区,漕宝路三号桥,漕宝路,梁桥
66,190307,121.405946,31.172255,B0FFH02EZV,西上澳塘港桥,徐汇区,宜山路,宜山路,梁桥
67,190307,121.388961,31.24048,B00155P532,梅川路桥,普陀区,梅川路,梅川路,梁桥
68,190307,121.405653,31.175635,B0FFGQ96Y9,钦江路桥,徐汇区,钦江路,钦江路,梁桥
69,190307,121.413293,31.14634,B0FFH02DGZ,桂平支路桥,徐汇区,桂平支路,桂平支路,梁桥
71,190307,121.392018,31.232932,B0FFGQ8UWR,中江路桥,普陀区,中江路,中江路,梁桥
72,190307,121.414746,31.146502,B0FFGQAR8Y,百花街桥,徐汇区,百花街桥,百花街,梁桥
74,190307,121.40543,31.188883,B0FFGQ7K1Z,诸家浜桥,闵行区,红松东路,红松东路,梁桥
75,190307,121.421583,31.127201,B00155P884,梅浦桥,徐汇区,梅浦桥,虹梅南路,梁桥
76,190307,121.412545,31.163157,B0FFGQ9EIW,虹漕南路桥,徐汇区,虹漕南路桥,虹漕南路,梁桥
77,190307,121.391871,31.246229,BZAFR001XG,朝阳河桥,普陀区,武宁路,武宁路,梁桥
78,190307,121.419938,31.14863,B0FFGQ72G7,西牌楼桥,徐汇区,沪闵路,沪闵路,梁桥
79,190307,121.398678,31.234999,B0FFGQ4Z1E,怒江路桥,普陀区,怒江路桥,怒江路,梁桥
80,190307,121.385783,31.286221,BZAGR001SN,红祁河桥,普陀区,红祁河桥,祁安路,梁桥
81,190307,121.427347,31.124717,BZAER001F1,华泾港桥,闵行区,华泾港桥,莘朱路,梁桥
82,190307,121.386835,31.283176,B0FFGQA5OV,古浪路张泾河桥,普陀区,古浪路,古浪路,梁桥
83,190307,121.420884,31.152551,B0H1HRUH5U,桂林西街桥,徐汇区,桂林西街,桂林西街,梁桥
84,190307,121.420852,31.154513,BZAER0013T,浦北路桥,徐汇区,浦北路,浦北路,梁桥
85,190307,121.386029,31.290009,BZAGR001SO,新河南浜桥,普陀区,祁安路,祁安路,梁桥
86,190307,121.398808,31.24154,B0FFGQA4LB,梅岭北路桥,普陀区,梅岭北路,梅岭北路,梁桥
87,190307,121.414214,31.18219,BZAFR00044,蒲汇塘桥,徐汇区,蒲汇塘桥,桂林路,梁桥
88,190307,121.420361,31.158452,B0FFH02FJQ,钦州南路桥,徐汇区,钦州南路桥,钦州南路,梁桥
89,190307,121.420965,31.156909,B0FFGQ563T,桂林东街桥,徐汇区,桂林东街,桂林东街,梁桥
90,190307,121.399172,31.242399,BZAFR0025Q,杨柳青路桥,普陀区,杨柳青路,杨柳青路,梁桥
91,190307,121.419687,31.162788,BZAER001FK,冠生园路桥,徐汇区,冠生园路,冠生园路,梁桥
92,190307,121.393193,31.271485,BZAGR001SS,八字桥,普陀区,桃浦西路,桃浦西路,梁桥
93,190307,121.38841,31.291332,B0FFGQ97JD,金光河桥,普陀区,金光河桥,连亮路,梁桥
94,190307,121.392309,31.27636,BZAGR001SR,武威东路桃浦河桥,普陀区,武威东路,武威东路,梁桥
95,190307,121.391633,31.27924,BZAGR001SQ,小宅浜桥,普陀区,小宅浜桥,桃浦西路,梁桥
96,190307,121.39185,31.278399,B0FFGQ5KJM,真大路1号桥,普陀区,真大路,真大路,梁桥
97,190307,121.381628,31.318181,B0FFGQ4W1Z,五号桥,宝山区,祁连山路,祁连山路,梁桥
98,190307,121.400603,31.244824,BZAFR002GH,武宁路桃浦河桥,普陀区,武宁路,武宁路,梁桥
99,190307,121.394396,31.269181,B00155POGG,桃浦桥,普陀区,桃浦桥,真南路,梁桥
100,190307,121.400468,31.248443,BZAGR001TB,北石路桥,普陀区,北石路桥,北石路,梁桥
101,190307,121.396411,31.264609,B0FFGQ8QY8,杨家桥,普陀区,交通路,交通路,梁桥
104,190307,121.379325,31.333063,BZAHQZ012G,顾陈路桥,宝山区,顾陈路,顾陈路,梁桥
105,190307,121.392434,31.282518,B0FFGQ5J8R,金皇庙桥,普陀区,金皇庙桥,古浪路,梁桥
106,190307,121.404033,31.23818,B0FFGQAXNB,杏山路北桥,普陀区,杏山路北桥,杏山路,梁桥
107,190307,121.40092,31.25073,B0FFH02G0J,铜川路桥,普陀区,铜川路,铜川路,梁桥
108,190307,121.405953,31.234453,B0FFGQ8P2Y,桐柏路桥,普陀区,桐柏路桥,桐柏路,梁桥
109,190307,121.428735,31.145934,B0FFI2QPS8,张家塘港桥,徐汇区,老沪闵路,老沪闵路,梁桥
110,190307,121.404629,31.23996,B0FFGQ8TGS,兰溪路西桥,普陀区,兰溪路,兰溪路,梁桥
112,190307,121.425483,31.163514,BZAER0014S,柳州路桥,徐汇区,柳州路桥,柳州路,梁桥
113,190307,121.405661,31.241374,B0FFGQ8JS2,花溪路桥,普陀区,花溪路桥,花溪路,梁桥
114,190307,121.407119,31.236069,B0FFGQ6Q9W,杏山路南桥,普陀区,杏山路南桥,杏山路,梁桥
115,190307,121.393099,31.290954,BZAGR002DR,周金桥,普陀区,连亮路,连亮路,梁桥
116,190307,121.406919,31.240639,BZAFR000FG,红桥,普陀区,棠浦路,棠浦路,梁桥
117,190307,121.407653,31.239889,BZAFR0021J,枫桥,普陀区,枫桥路,枫桥路,梁桥
118,190307,121.408197,31.238021,BZAFR0021H,兰溪路东桥,普陀区,兰溪路,兰溪路,梁桥
119,190307,121.436538,31.12899,B0FFI2QNTX,老沪闵路三号桥,徐汇区,老沪闵路三号桥,老沪闵路,梁桥
120,190307,121.428011,31.164949,BZAFR0021Y,习勤路桥,徐汇区,习勤路,习勤路,梁桥
121,190307,121.413459,31.223099,B0FFF9R3ZO,凯旋路桥,长宁区,凯旋路桥,凯旋路,梁桥
122,190307,121.425542,31.180878,B0FFGQ942M,宜山路桥,徐汇区,宜山路,宜山路,梁桥
123,190307,121.431341,31.163456,BZAER0014T,供水桥,徐汇区,冠生园路,冠生园路,梁桥
124,190307,121.431425,31.165566,BZAFR0021Z,康健路桥,徐汇区,康健路,康健路,梁桥
125,190307,121.431029,31.168259,B0FFGQ6TDB,漕宝路一号桥,徐汇区,漕宝路一号桥,漕宝路,梁桥
126,190307,121.430828,31.174349,BZAFR00221,浦汇塘桥,徐汇区,田林东路,田林东路,梁桥
127,190307,121.411057,31.251602,BZAGR002BL,梨园桥,普陀区,真华南路,真华南路,梁桥
128,190307,121.405545,31.273428,BZAGR001ST,横港桥,普陀区,真金路,真金路,梁桥
131,190307,121.443984,31.129725,B0FFF9R4ER,长华路长桥,徐汇区,长华路,长华路,梁桥
133,190307,121.398078,31.310066,B0FFGQ7TTX,南陈路二号桥,宝山区,南陈路,南陈路,梁桥
134,190307,121.399522,31.305024,B0FFGQ4OTB,小石桥,宝山区,兆南路,兆南路,梁桥
135,190307,121.41539,31.246584,BZAFR0021L,石泉路桥,普陀区,石泉路,石泉路,梁桥
136,190307,121.415208,31.247772,B0FFGQ6U2B,中宁路桥,普陀区,中宁路桥,中宁路,梁桥
137,190307,121.410603,31.265859,B0FFGQ5CN3,富平路桥,普陀区,富平路桥,富平路,梁桥
139,190307,121.410642,31.270098,B00155P27P,大场浦桥,普陀区,富水路,富水路,梁桥
140,190307,121.412245,31.267544,B0FFGQ5KDL,新村路桥,普陀区,新村路桥,新村路,梁桥
141,190307,121.438647,31.16581,BZAFR00220,三江路桥,徐汇区,三江路桥,三江路,梁桥
143,190307,121.423999,31.228723,B0FFF9R3JE,曹杨路桥,普陀区,曹杨路桥,江苏北路,梁桥
144,190307,121.448422,31.134326,B0FFGQ5WMD,罗秀路桥,徐汇区,罗秀路桥,罗秀路,梁桥
145,190307,121.447618,31.138311,BZAER00150,平福路桥,徐汇区,平福路,平福路,梁桥
146,190307,121.42127,31.247745,BZAFR0021K,兰田路真如港桥,普陀区,兰田路,兰田路,梁桥
147,190307,121.426204,31.236326,B0FFF9R3JF,武宁路桥,普陀区,武宁路桥,武宁路,梁桥
148,190307,121.450789,31.142082,B0FFGQ8VZD,港口桥,徐汇区,龙吴路,龙吴路,梁桥
149,190307,121.444926,31.167206,B0FFGQB62N,龙水西桥,徐汇区,凯旋南路,凯旋南路,梁桥
150,190307,121.455065,31.1299,B0FFGQ7156,龙浦桥,徐汇区,龙浦桥,龙吴路,梁桥
152,190307,121.401999,31.33801,B0IA3KAP7S,塘桥,宝山区,沪太路,沪太路,梁桥
154,190307,121.41108,31.305696,B0FFGQ9HU5,场联路,宝山区,场联路,场联路,梁桥
155,190307,121.452084,31.147526,B0FFGQAE2Q,喜泰路宏文桥,徐汇区,喜泰路宏文桥,喜泰路,梁桥
158,190307,121.454493,31.143209,B0FFI2QOG7,春申港桥,徐汇区,龙腾大道,龙腾大道,梁桥
159,190307,121.412828,31.307056,BZAGR0019Y,沪太路八字桥,宝山区,沪太路,沪太路,梁桥
160,190307,121.41402,31.307565,BZAGR001QJ,北弄桥,宝山区,沪太路,沪太路,梁桥
161,190307,121.45953,31.130801,B0FFIW49JT,淀浦河桥,徐汇区,龙腾大道,龙腾大道,梁桥
162,190307,121.414616,31.307054,B0FFGQ5WF1,机场河桥,宝山区,沪太路辅路,沪太路辅路,梁桥
163,190307,121.455558,31.148525,B0IA3AOZ0L,张家塘港桥,徐汇区,龙腾大道,龙腾大道,梁桥
164,190307,121.407349,31.341872,B0FFGQ54XJ,崇明塘桥,宝山区,盛联路,盛联路,梁桥
165,190307,121.432587,31.245096,BY0001M4IK,镇坪路桥,普陀区,镇坪路桥,镇坪路,梁桥
166,190307,121.424558,31.280197,B0FFGQA3RR,鲍家桥,静安区,沪太路,沪太路,梁桥
167,190307,121.4318,31.252224,B0FFGQAOYB,光新路桥,普陀区,光新路桥,光新路,梁桥
168,190307,121.452679,31.171005,B0FFGQ53OS,龙华通道桥,徐汇区,龙华通道桥,龙华西路,梁桥
170,190307,121.435669,31.252978,B0FFGQ6SO3,中山北路四号桥,普陀区,中山北路,中山北路,梁桥
172,190307,121.438149,31.248678,B0FFHF5O9O,江宁路桥,普陀区,江宁路桥,光复西路,梁桥
173,190307,121.456711,31.177228,B0FFH02EBA,宛平南路桥,徐汇区,宛平南路,宛平南路,梁桥
174,190307,121.430631,31.286627,BZAGR001SA,永和路桥,静安区,永和路,永和路,梁桥
175,190307,121.429622,31.298993,BZAGR001RT,原平路桥,静安区,原平路,原平路,梁桥
176,190307,121.434188,31.286847,B0FFGQ863I,白遗桥,静安区,白遗桥,永和路,梁桥
178,190307,121.44764,31.245107,B0FFH02EA3,长寿路桥,普陀区,长寿路桥,长寿路,梁桥
180,190307,121.437383,31.293913,B00155POBB,中扬湖桥,静安区,中扬湖桥,江场三路,梁桥
181,190307,121.434187,31.307276,BZAGR0024T,康宁路桥,静安区,康宁路,康宁路,梁桥
183,190307,121.449532,31.253229,B0FFGQ6V8U,大洋桥,静安区,交通路,交通路,梁桥
185,190307,121.452789,31.241483,BY0001M4OI,普济路桥,静安区,普济路,普济路,梁桥
189,190307,121.447955,31.267864,B0FFG6DOEL,延长路桥,静安区,延长中路,延长中路,梁桥
190,190307,121.450937,31.256325,B0FFGQAH7U,彭越浦桥,普陀区,沪太路,沪太路,梁桥
191,190307,121.475313,31.161558,B00155PUHT,耀龙路桥,浦东新区,耀龙路桥,耀龙路,梁桥
192,190307,121.449468,31.264497,B0FFGQ7S5S,洛川路桥,静安区,洛川路桥,洛川中路,梁桥
195,190307,121.458769,31.238394,B0FFK80CXH,恒丰路桥,静安区,恒丰路桥,恒丰路,梁桥
196,190307,121.453069,31.260675,B0FFGQ8K2K,谈家桥,静安区,谈家桥路,谈家桥路,梁桥
197,190307,121.45984,31.247608,B0FFGQ7R3D,秣陵路桥,静安区,秣陵路桥,秣陵路,梁桥
198,190307,121.481671,31.163004,B0FFF9R3JI,川杨河桥,浦东新区,南北高架路,南北高架路,梁桥
209,190307,121.461746,31.27966,B0FFGQ7R0J,广中路桥,虹口区,广中路桥,广中路,梁桥
211,190307,121.472255,31.240155,B0FFGL11RX,西藏路桥,静安区,西藏路桥,西藏路桥,梁桥
212,190307,121.461819,31.284707,B0FFIOBYCP,灵石路桥,虹口区,灵石路桥,广灵四路,梁桥
213,190307,121.465462,31.274191,BZAGR001VR,株洲路桥,虹口区,株洲路,株洲路,梁桥
215,190307,121.460943,31.300266,B00155P23A,走马塘桥,静安区,平型关路,平型关路,梁桥
217,190307,121.497083,31.165982,B0FFG6DOIP,上南路川杨河桥,浦东新区,上南路,上南路,梁桥
218,190307,121.470245,31.271858,B0FFH02FR0,八字桥,虹口区,柳营路,柳营路,梁桥
219,190307,121.478882,31.240281,B0G397QT42,福建路桥,黄浦区,福建路桥,福建路桥,梁桥
220,190307,121.499143,31.162116,B00155PUPU,杨思桥,浦东新区,杨思路,杨思路,梁桥
221,190307,121.463944,31.299925,BZAGR001WY,奎照路庐泾浦桥,静安区,奎照路,奎照路,梁桥
222,190307,121.463493,31.306133,B0FFGQ7EMR,二号桥,静安区,场中路,场中路,梁桥
223,190307,121.465507,31.30016,BZAGR00155,张贵桥,虹口区,张贵桥,奎照路,梁桥
224,190307,121.463523,31.310792,B0FFGQ799C,临汾路桥,静安区,临汾路桥,临汾路,梁桥
225,190307,121.475954,31.265472,BZAGR001ZB,青云路桥,虹口区,青云路桥,青云路,梁桥
226,190307,121.483007,31.241929,B0H1HRSKRV,河南路桥,黄浦区,河南路桥,河南路桥,梁桥
227,190307,121.465573,31.313512,B0FFM91Z9Q,汾西路桥,静安区,汾西路,汾西路,梁桥
232,190307,121.471093,31.301246,BZAGR001WW,凉城路桥,虹口区,凉城路,凉城路,梁桥
233,190307,121.491699,31.224893,B0FFGQ6GPI,陈士安桥,黄浦区,方浜中路,方浜中路,梁桥
234,190307,121.483066,31.258876,B0FFGQ9MK6,横浜桥,虹口区,四川北路,四川北路,梁桥
236,190307,121.487771,31.244224,B0IATO6B5M,乍浦路桥,虹口区,乍浦路,乍浦路,梁桥
238,190307,121.502287,31.189141,B0FFG6DOEO,白莲泾路桥,浦东新区,白莲泾路桥,白莲泾路,梁桥
239,190307,121.459888,31.354368,B0FFF9R4PZ,江杨北路桥,宝山区,江杨北路桥,江杨北路,梁桥
240,190307,121.485033,31.257211,B0FFGQB1R9,邢家桥,虹口区,邢家桥北路,邢家桥北路,梁桥
242,190307,121.487354,31.255023,B0FFH02EGE,嘉兴路桥,虹口区,嘉兴路桥,四平路,梁桥
243,190307,121.476376,31.300063,BZAGR001WX,水电路市河桥,虹口区,水电路,水电路,梁桥
245,190307,121.476527,31.300696,B0FFGQ8G3G,万安路斜塘河桥,虹口区,万安路斜塘河桥,万安路,梁桥
246,190307,121.482529,31.279416,B0FFGQ95VK,中山北一路桥,虹口区,中山北一路,中山北一路,梁桥
248,190307,121.478946,31.294535,BZAGR001UW,车站南路桥,虹口区,车站南路桥,车站南路,梁桥
249,190307,121.478315,31.297159,BZAGR001UV,车站北路沙泾港桥,虹口区,车站北路沙泾港桥,车站北路,梁桥
250,190307,121.476684,31.30446,BZAGR001WZ,丰镇路桥,虹口区,丰镇路桥,丰镇路,梁桥
251,190307,121.490169,31.255794,B0FFGQ9K65,哈尔滨路二号桥,虹口区,哈尔滨路,哈尔滨路,梁桥
252,190307,121.4914,31.251379,BZAGR002EO,余杭路桥,虹口区,余杭路桥,余杭路,梁桥
253,190307,121.492317,31.250099,B0FFGQACIF,汉阳路桥,虹口区,汉阳路桥,汉阳路,梁桥
255,190307,121.492002,31.253346,B00155P28V,海宁路桥,虹口区,周家嘴路,周家嘴路,梁桥
256,190307,121.480209,31.299699,BZAGR001UU,奎照路沙泾港桥,虹口区,奎照路沙泾港桥,奎照路,梁桥
257,190307,121.49172,31.255323,B0FFGQ53LT,拓皋路桥,虹口区,拓皋路桥,柘皋路,梁桥
262,190307,121.493414,31.259085,B0FFH02D1B,通州路桥,虹口区,通州路桥,通州路,梁桥
263,190307,121.490862,31.271039,BZAGR001ZC,祥德路桥,虹口区,祥德路,祥德路,梁桥
265,190307,121.493396,31.267752,B0FFH02DJB,四平路一号桥,虹口区,四平路,四平路,梁桥
269,190307,121.489646,31.304417,B0FFGQ5FRV,仁德路桥,杨浦区,仁德路,仁德路,梁桥
270,190307,121.490009,31.307934,B0FFGQ4W30,政立路桥,杨浦区,政立路,政立路,梁桥
271,190307,121.484653,31.33483,B00155OZV5,长江南路西塘桥,宝山区,长江南路,长江南路,梁桥
273,190307,121.527141,31.196083,B0FFIW4KHD,白莲泾桥,浦东新区,杨高南路,杨高南路,梁桥
274,190307,121.497864,31.313965,B0FFGQ73JI,政青路二桥,杨浦区,政青路,政青路,梁桥
275,190307,121.535932,31.170502,BZAFR100ZB,顾全路桥,浦东新区,顾全路桥,顾全路,梁桥
276,190307,121.498166,31.318219,B0FFGQ5JJX,政青路一桥,杨浦区,政青路,政青路,梁桥
279,190307,121.539155,31.173929,B00155P5TS,南新桥,浦东新区,下南路,下南路,梁桥
280,190307,121.506564,31.301914,BZAGR10156,国定路桥,杨浦区,国定路桥,国定路,梁桥
281,190307,121.511517,31.284819,B0FFGQ99PN,杨树浦港桥,杨浦区,中山北二路,中山北二路,梁桥
284,190307,121.51542,31.280301,BZAGR100ZZ,抚顺路桥,杨浦区,抚顺路,抚顺路,梁桥
285,190307,121.514605,31.284858,B0FFGQ4O8T,农场桥,杨浦区,政本路,政本路,梁桥
286,190307,121.517771,31.276831,BZAGR100ZX,本溪路桥,杨浦区,本溪路桥,本溪路,梁桥
287,190307,121.518234,31.275989,B0FFH02FV4,江浦路桥,杨浦区,江浦路,江浦路,梁桥
288,190307,121.494651,31.368348,B0FFG39HU5,吴淞大桥,宝山区,吴淞大桥,逸仙高架路,梁桥
290,190307,121.519666,31.275226,B0FFH02F9X,控江路桥,杨浦区,控江路桥,控江路,梁桥
292,190307,121.509683,31.32476,BZAGR10121,政澄路桥,杨浦区,政澄路,政澄路,梁桥
293,190307,121.509857,31.32601,B0FFGQ776Q,国晓路桥,杨浦区,国晓路,国晓路,梁桥
295,190307,121.516435,31.304919,B0FFGQ4P6W,国庠路桥,杨浦区,国庠路,国庠路,梁桥
297,190307,121.52193,31.286355,B0FFH02G23,黄兴路桥,杨浦区,黄兴路,黄兴路,梁桥
298,190307,121.527369,31.266177,B0FFGQ7D9M,长阳路桥,杨浦区,长阳路,长阳路,梁桥
300,190307,121.529748,31.262985,BZAGR1015D,河间路桥,杨浦区,河间路桥,河间路,梁桥
301,190307,121.51934,31.306264,BZAGR1018F,国和路,杨浦区,国和路,国和路,梁桥
302,190307,121.531602,31.260179,B0FFGQ5WKA,平凉路桥,杨浦区,平凉路,平凉路,梁桥
305,190307,121.535597,31.25591,B0FFGQ5OT7,广州路桥,杨浦区,广州路,广州路,梁桥
306,190307,121.522661,31.306429,B0FFH02G1V,黑山路桥,杨浦区,黑山路,黑山路,梁桥
307,190307,121.527523,31.289285,BZAGR1011R,双阳路桥,杨浦区,双阳路桥,双阳北路,梁桥
308,190307,121.557017,31.177247,B00155PS36,沪南路川杨河桥,浦东新区,沪南路,沪南路,梁桥
309,190307,121.534697,31.292719,B0FFGQ809X,芦家桥,杨浦区,营口路,营口路,梁桥
312,190307,121.52899,31.339271,B00155PMFY,清水河桥,杨浦区,清水河桥,闸殷路,梁桥
313,190307,121.554994,31.240149,B0FFGQ7RBE,洋泾港桥,浦东新区,张杨路,张杨路,梁桥
315,190307,121.530925,31.339126,B0FFH02EIR,军工路二号桥,杨浦区,军工路二号桥,军工路,梁桥
316,190307,121.538673,31.309085,B0FFGQA3N6,包头路桥,杨浦区,包头路,包头路,梁桥
317,190307,121.540373,31.303182,BZAGR1011I,国顺东路桥,杨浦区,国顺东路,国顺东路,梁桥
318,190307,121.542393,31.296538,BZAGR1011H,中农新村桥,杨浦区,中农新村桥,包头南路,梁桥
319,190307,121.543254,31.300593,B0FFGQA2RQ,佳木斯路桥,杨浦区,佳木斯路,佳木斯路,梁桥
320,190307,121.55692,31.250921,B0FFGXB9XV,万德路,浦东新区,万德路,万德路,梁桥
324,190307,121.537943,31.354191,B0FFH02DHB,双江路高新河桥,浦东新区,双江路,双江路,梁桥
325,190307,121.560574,31.271147,B0FFHVU5GZ,定海路桥,杨浦区,定海路桥,定海路,梁桥
326,190307,121.559076,31.290792,B0IA3GLAV1,海安路桥,杨浦区,海安路,海安路,梁桥
330,190307,121.586555,31.225717,B0FFM81P59,张家浜桥,浦东新区,云山路,云山路,梁桥
331,190307,121.575653,31.270604,B0FFH02ERR,八号桥,浦东新区,浦东大道,浦东大道,梁桥
332,190307,121.590159,31.225849,B0FFGQ6439,新堰桥,浦东新区,张家浜路,张家浜路,梁桥
334,190307,121.605586,31.229449,B0FFFE2FO7,金桥路张家浜桥,浦东新区,金桥路,金桥路,梁桥
335,190307,121.605622,31.230205,BZAFR1013D,三桥,浦东新区,金明路,金明路,梁桥
337,190307,121.582286,31.344912,BZAHR100F7,季景路桥,浦东新区,季景北路,季景北路,梁桥
338,190307,121.583634,31.345207,B00155P06I,胜利路桥,浦东新区,义王路,义王路,梁桥
339,190307,121.632804,31.183069,B0FFHDJV7C,高木桥,浦东新区,高木桥,高木桥路,梁桥
341,190307,121.631513,31.226287,B0FFHDJGTP,马家宅河桥,浦东新区,张东路,张东路,梁桥
342,190307,121.610541,31.334059,B0FFF9R4Q4,外环运河桥,浦东新区,航津路,航津路,梁桥
343,190307,121.625332,31.289637,B0FFKKBQ64,赵家沟桥,浦东新区,申江路,申江路,梁桥
345,190307,121.645444,31.231701,BZAFR201KE,新桥,浦东新区,曹家沟路,曹家沟路,梁桥
14,190307,121.369705,31.190248,BZAFQZ02IA,程家桥,长宁区,虹桥路,虹桥路,人行桥
43,190307,121.364789,31.285158,B0FFGQTLU3,绿杨桥,普陀区,真南路,真南路,人行桥
179,190307,121.449953,31.24318,B0JG7DS8GG,安远桥,静安区,西苏州路,西苏州路,人行桥
15,190310,121.361808,31.223906,B0G23HBZYS,北翟路地道,长宁区,北翟路地道,北翟路地道,隧道
23,190310,121.367135,31.223152,B0FFLGRDMG,北翟高架路,长宁区,北翟高架路,北翟高架路,隧道
37,190310,121.380284,31.207843,B0FFF9ZREI,仙霞路地道,长宁区,仙霞路地道,中环路,隧道
41,190310,121.386608,31.198655,B0FFF9ZRHP,北虹路地道,长宁区,北虹路地道,中环路,隧道
47,190310,121.380426,31.232657,B0FFF9ZRHN,金沙江路地道,普陀区,金沙江路地道,中环路,隧道
48,190310,121.394586,31.181902,B0FFF9ZRIY,吴中路地道,闵行区,吴中路地道,中环路,隧道
50,190310,121.39798,31.170396,B0FFF9ZRJ0,宜山路地道,徐汇区,宜山路地道,中环路,隧道
52,190310,121.399819,31.167021,B0IA3YO0QJ,田林路地道,徐汇区,田林路,田林路,隧道
55,190310,121.402436,31.162644,B0FFF9ZRK3,漕宝路地道,徐汇区,漕宝路地道,中环路,隧道
58,190309,121.390113,31.21918,BZAFR002Q6,北横通道-泸定路出入口,普陀区,北横通道东线隧道,北横通道,隧道
111,190310,121.403637,31.244788,B0IKLRULQO,武宁路地道,普陀区,武宁路,武宁路地道,隧道
130,190310,121.409601,31.261555,B0HDSS6VDW,真华路地道,普陀区,真华路地道,真华南路,隧道
132,190309,121.420792,31.220945,BZAFR002Q7,北横通道-江苏北路出入口,长宁区,北横通道东线隧道,北横通道,隧道
151,190310,121.438801,31.193703,B0FFF9ZRHR,衡山路地道,徐汇区,衡山路地道,漕溪北路,隧道
157,190310,121.454237,31.143433,B0FFF9ZRK0,上中路隧道,徐汇区,上中路隧道,龙腾大道,隧道
182,190310,121.471646,31.166294,B00155R2SY,龙耀路隧道,浦东新区,龙耀路隧道,龙耀路隧道,隧道
184,190308,121.451619,31.245647,BZAFR002QG,北横通道-恒丰路出入口,静安区,北横通道东线隧道,北横通道,隧道
186,190310,121.443734,31.277447,B0FFI8VKBD,万荣路地道,静安区,万荣路地道,万荣路,隧道
193,190310,121.441185,31.300769,B0FFI6YRZC,三泉路地道,静安区,三泉路地道,万荣路辅路,隧道
194,190310,121.470217,31.190981,B0FFF9ZRIP,打浦路隧道,徐汇区,打浦路隧道,瑞宁路,隧道
199,190310,121.459669,31.249105,B0I0ZRE1K8,大统路地道,静安区,大统路,大统路地道,隧道
202,190310,121.47275,31.208449,B0FFF9ZRGE,徐家汇路地道,黄浦区,徐家汇路地道,徐家汇路,隧道
210,190310,121.470388,31.247289,B0FFF9ZRDZ,西藏北路地道,静安区,西藏北路地道,西藏北路,隧道
214,190308,121.473344,31.245238,BZAFR002RO,北横通道-浙江北路出入口,静安区,北横通道西线隧道,北横通道,隧道
228,190310,121.486853,31.230899,B0FFIVOWMB,延安东路隧道,黄浦区,延安东路隧道,河南南路,隧道
230,190310,121.498979,31.187347,B0FFI2PTF7,西藏南路隧道,浦东新区,西藏南路隧道,高科西路,隧道
231,190310,121.49021,31.221708,B0FFG6DPKR,复兴东路地道,黄浦区,复兴东路地道,复兴东路辅路,隧道
235,190310,121.479166,31.275509,B0FFF9ZRE5,广中路地道,虹口区,广中路地道,广中路地道,隧道
244,190310,121.490199,31.247123,B0FFF9ZRDV,外滩隧道,虹口区,外滩隧道,外滩隧道,隧道
254,190310,121.496052,31.235825,B0FFIHMUX5,延安东路隧道南线,浦东新区,延安东路隧道,延安东路隧道,隧道
258,190310,121.498699,31.229838,B0FFF9ZRG4,人民路隧道,黄浦区,人民路隧道,人民路隧道,隧道
259,190308,121.492992,31.253411,BZAGR0035X,北横通道-新建路出入口（西）,虹口区,北横通道西线隧道,北横通道,隧道
261,190310,121.501632,31.221622,B0FFIZ3MQ4,复兴东路隧道(上层),黄浦区,复兴东路隧道上层,复兴东路隧道(上层),隧道
264,190310,121.505379,31.217605,B0FFIVYX1A,中山南路地道,黄浦区,中山南路地道,中山南路,隧道
267,190310,121.501638,31.24743,B0FFF9ZRDS,新建路隧道,虹口区,新建路隧道,新建路隧道,隧道
268,190310,121.508973,31.224158,B0FFF9ZRIC,复兴东路隧道(下层),浦东新区,复兴东路隧道下层,复兴东路隧道(下层),隧道
272,190308,121.504256,31.26002,BZAGR0036A,北横通道-新建路出入口（东）,虹口区,北横通道西线隧道,北横通道,隧道
278,190310,121.52006,31.246636,B0FFF9ZRE6,大连路隧道,浦东新区,大连路隧道,大连路隧道,隧道
283,190310,121.509186,31.298125,B0FFHLGUD0,邯郸路地道,杨浦区,邯郸路地道,中环路,隧道
289,190310,121.509847,31.31009,B0H1DRNBSF,淞沪路地道,杨浦区,淞沪路,淞沪路,隧道
291,190310,121.515798,31.299928,B0KDK9M0LZ,黄兴路地道,杨浦区,黄兴路,黄兴路地道,隧道
294,190309,121.524383,31.27265,BZAGR101VH,北横通道-黄兴路出入口,杨浦区,北横通道西线隧道,北横通道,隧道
296,190310,121.503517,31.355428,B0FFG0ZA3X,长江路隧道,宝山区,长江路隧道,港城路,隧道
299,190310,121.532579,31.251635,B0FFJZSIJH,江浦路越江隧道,杨浦区,江浦路越江隧道,安浦路,隧道
303,190310,121.536771,31.242939,B0JBYRY2YW,浦东大道地道,浦东新区,浦东大道,浦东大道地道,隧道
304,190310,121.503933,31.376873,B0FFF9ZQJ8,外环隧道,宝山区,外环隧道,G1503上海绕城高速,隧道
327,190310,121.564123,31.272091,B0FFF9ZREA,军工路隧道,杨浦区,军工路隧道,中环路,隧道
328,190310,121.563326,31.288951,B0FFI2EKC5,周家嘴路越江隧道,杨浦区,周家嘴路越江隧道,周家嘴路隧道,隧道
329,190310,121.566101,31.302505,B0FFF9ZRE9,翔殷路隧道,浦东新区,翔殷路隧道,翔殷路隧道,隧道
102,190307,121.379542,31.330474,B0GR6ZYGNX,祁连山路大桥,宝山区,祁连山路,祁连山路,斜拉桥
171,190307,121.468982,31.127417,B0FFF9R3JK,徐浦大桥,浦东新区,徐浦大桥,徐浦大桥,斜拉桥
260,190307,121.50552,31.20538,B00156DUC9,南浦大桥,浦东新区,南浦大桥,内环高架路,斜拉桥
310,190307,121.545824,31.254951,B0FFF9R20E,杨浦大桥,杨浦区,杨浦大桥,内环高架路,斜拉桥
