Aname,x,y
仙霞西路跨线桥,121.353177,31.209471
外环潮港桥,121.355404,31.202183
外环南渔浦桥,121.353473,31.209788
金轮路朱家浜桥,121.350966,31.227792
协和路周家浜桥,121.356195,31.214403
福泉路周家浜桥,121.358605,31.214751
福泉北路朱家浜桥,121.355405,31.230156
检疫桥,121.364887,31.19858
淞虹路周家浜桥,121.361027,31.21415
陆家浜桥,121.363025,31.207965
潮泾港桥,121.369148,31.184642
新渔港桥,121.361117,31.216229
新泾港桥,121.370248,31.187424
淀浦河桥,121.386268,31.125625
程家桥,121.369705,31.190248
北翟路地道,121.361808,31.223906
金汇路桥,121.37332,31.184734
龙茗路桥,121.383684,31.148021
野奴泾桥,121.369808,31.202629
金汇路蒲汇塘桥,121.379125,31.167623
剑河路新泾港桥,121.369413,31.206597
龙茗路淀浦河桥,121.389884,31.12776
剑河路新渔浦桥,121.367916,31.215298
北翟高架路,121.367135,31.223152
仙霞路桥,121.371442,31.208188
莘庄立交,121.393367,31.123463
南新泾港桥,121.38492,31.162413
新泾港桥,121.389949,31.143441
外浜桥,121.366446,31.235102
泉口路新泾港桥,121.373133,31.211661
新泾港南闸桥,121.374163,31.212469
新渔路新泾港桥,121.374922,31.214489
沪闵路淀浦河桥,121.398225,31.127537
天山西路桥,121.375607,31.216378
北翟路一号桥,121.375351,31.219514
云岭西路桥,121.373904,31.226574
中环立交桥,121.376643,31.219573
真北路桥,121.376512,31.220675
仙霞路地道,121.380284,31.207843
漕河泾港桥,121.397127,31.152309
常和路桥,121.36422,31.282385
野奴泾桥,121.391205,31.179056
北虹路地道,121.386608,31.198655
云岭东路木渎港桥,121.380324,31.224538
绿杨桥,121.364789,31.285158
同普路木渎港桥,121.379647,31.228347
莲花路淀浦河桥,121.406447,31.125315
真光路桥,121.377785,31.238527
金沙江路地道,121.380426,31.232657
吴中路地道,121.394586,31.181902
莲花路立交桥,121.407045,31.133862
宜山路地道,121.39798,31.170396
泸定路桥,121.386233,31.219064
田林路地道,121.399819,31.167021
丰翔路二号桥,121.364181,31.308988
金沙江路桥,121.384111,31.23201
漕宝路地道,121.402436,31.162644
虹梅路七号桥,121.405983,31.153706
上澳塘港桥,121.397557,31.188195
北横通道-泸定路出入口,121.390113,31.21918
上岙塘桥,121.400116,31.182949
虹梅路立交桥,121.411514,31.141399
桂果路桥,121.411312,31.145915
桂平路桥,121.40864,31.156811
虹梅路九号桥,121.413935,31.137327
田林路桥,121.406399,31.168313
漕宝路三号桥,121.407754,31.163496
西上澳塘港桥,121.405946,31.172255
梅川路桥,121.388961,31.24048
钦江路桥,121.405653,31.175635
桂平支路桥,121.413293,31.14634
真北路立交桥,121.387998,31.246875
中江路桥,121.392018,31.232932
百花街桥,121.414746,31.146502
祁连山路立交桥,121.378903,31.287226
诸家浜桥,121.40543,31.188883
梅浦桥,121.421583,31.127201
虹漕南路桥,121.412545,31.163157
朝阳河桥,121.391871,31.246229
西牌楼桥,121.419938,31.14863
怒江路桥,121.398678,31.234999
红祁河桥,121.385783,31.286221
华泾港桥,121.427347,31.124717
古浪路张泾河桥,121.386835,31.283176
桂林西街桥,121.420884,31.152551
浦北路桥,121.420852,31.154513
新河南浜桥,121.386029,31.290009
污水管廊路桥,121.386968,31.286936
梅岭北路桥,121.398808,31.24154
蒲汇塘桥,121.414214,31.18219
钦州南路桥,121.420361,31.158452
桂林东街桥,121.420965,31.156909
杨柳青路桥,121.399172,31.242399
冠生园路桥,121.419687,31.162788
八字桥,121.393193,31.271485
强家角桥,121.406357,31.221324
金光河桥,121.38841,31.291332
武威东路桃浦河桥,121.392309,31.27636
小宅浜桥,121.391633,31.27924
真大路1号桥,121.39185,31.278399
五号桥,121.381628,31.318181
武宁路桃浦河桥,121.400603,31.244824
羊肠浜桥,121.400139,31.246634
桃浦桥,121.394396,31.269181
北石路桥,121.400468,31.248443
杨家桥,121.396411,31.264609
祁连山路大桥,121.379542,31.330474
内环延安西路立交桥,121.412011,31.206
顾陈路桥,121.379325,31.333063
金皇庙桥,121.392434,31.282518
杏山路北桥,121.404033,31.23818
铜川路桥,121.40092,31.25073
桐柏路桥,121.405953,31.234453
张家塘港桥,121.428735,31.145934
兰溪路西桥,121.404629,31.23996
武宁路地道,121.403637,31.244788
柳州路桥,121.425483,31.163514
花溪路桥,121.405661,31.241374
杏山路南桥,121.407119,31.236069
周金桥,121.393099,31.290954
红桥,121.406919,31.240639
枫桥,121.407653,31.239889
兰溪路东桥,121.408197,31.238021
老沪闵路三号桥,121.436538,31.12899
习勤路桥,121.428011,31.164949
凯旋路桥,121.413459,31.223099
宜山路桥,121.425542,31.180878
供水桥,121.431341,31.163456
康健路桥,121.431425,31.165566
漕宝路一号桥,121.431029,31.168259
浦汇塘桥,121.430828,31.174349
梨园桥,121.411057,31.251602
横港桥,121.405545,31.273428
真华路立交,121.409548,31.260294
真华路地道,121.409601,31.261555
长华路长桥,121.443984,31.129725
北横通道-江苏北路出入口,121.420792,31.220945
南陈路二号桥,121.398078,31.310066
小石桥,121.399522,31.305024
石泉路桥,121.41539,31.246584
中宁路桥,121.415208,31.247772
富平路桥,121.410603,31.265859
中环沪嘉立交桥,121.405689,31.286999
大场浦桥,121.410642,31.270098
徐家桥,121.417379,31.246922
新村路桥,121.412245,31.267544
三江路桥,121.438647,31.16581
内环漕溪北路立交桥,121.435819,31.179802
曹杨路桥,121.423999,31.228723
罗秀路桥,121.448422,31.134326
平福路桥,121.447618,31.138311
兰田路真如港桥,121.42127,31.247745
武宁路桥,121.426204,31.236326
港口桥,121.450789,31.142082
龙水西桥,121.444926,31.167206
龙浦桥,121.455065,31.1299
衡山路地道,121.438801,31.193703
塘桥,121.401999,31.33801
岚皋路立交桥,121.422296,31.259702
场联路,121.41108,31.305696
童家桥,121.425601,31.250004
喜泰路宏文桥,121.452084,31.147526
大场立交桥,121.414427,31.297673
上中路隧道,121.454237,31.143433
春申港桥,121.454493,31.143209
沪太路八字桥,121.412828,31.307056
北弄桥,121.41402,31.307565
淀浦河桥,121.45953,31.130801
机场河桥,121.414616,31.307054
张家塘港桥,121.455558,31.148525
崇明塘桥,121.407349,31.341872
镇坪路桥,121.432587,31.245096
鲍家桥,121.424558,31.280197
光新路桥,121.4318,31.252224
龙华通道桥,121.452679,31.171005
光新路铁路立交桥,121.43089,31.258004
中山北路四号桥,121.435669,31.252978
徐浦大桥,121.468982,31.127417
江宁路桥,121.438149,31.248678
宛平南路桥,121.456711,31.177228
永和路桥,121.430631,31.286627
原平路桥,121.429622,31.298993
白遗桥,121.434188,31.286847
昌化路桥,121.443891,31.249791
长寿路桥,121.44764,31.245107
安远桥,121.449953,31.24318
中扬湖桥,121.437383,31.293913
康宁路桥,121.434187,31.307276
龙耀路隧道,121.471646,31.166294
大洋桥,121.449532,31.253229
北横通道-恒丰路出入口,121.451619,31.245647
普济路桥,121.452789,31.241483
万荣路地道,121.443734,31.277447
恒丰路立交桥,121.452448,31.247836
昌平路桥,121.454782,31.239514
延长路桥,121.447955,31.267864
彭越浦桥,121.450937,31.256325
耀龙路桥,121.475313,31.161558
洛川路桥,121.449468,31.264497
三泉路地道,121.441185,31.300769
打浦路隧道,121.470217,31.190981
恒丰路桥,121.458769,31.238394
谈家桥,121.453069,31.260675
秣陵路桥,121.45984,31.247608
川杨河桥,121.481671,31.163004
大统路地道,121.459669,31.249105
天目中路立交桥,121.461972,31.244591
中环共和新路立交桥,121.450044,31.293062
徐家汇路地道,121.47275,31.208449
彭浦立交,121.448906,31.303199
延安东路立交桥,121.469303,31.224392
新闸桥,121.465974,31.240859
鲁班路立交,121.477618,31.197383
内环共和新路立交桥,121.461534,31.260795
卢浦大桥,121.480073,31.191243
广中路桥,121.461746,31.27966
西藏北路地道,121.470388,31.247289
西藏路桥,121.472255,31.240155
灵石路桥,121.461819,31.284707
株洲路桥,121.465462,31.274191
北横通道-浙江北路出入口,121.473344,31.245238
走马塘桥,121.460943,31.300266
浙江路桥,121.476553,31.241434
上南路川杨河桥,121.497083,31.165982
八字桥,121.470245,31.271858
福建路桥,121.478882,31.240281
杨思桥,121.499143,31.162116
奎照路庐泾浦桥,121.463944,31.299925
二号桥,121.463493,31.306133
张贵桥,121.465507,31.30016
临汾路桥,121.463523,31.310792
青云路桥,121.475954,31.265472
河南路桥,121.483007,31.241929
汾西路桥,121.465573,31.313512
延安东路隧道,121.486853,31.230899
江杨南路立交桥,121.467734,31.306248
西藏南路隧道,121.498979,31.187347
复兴东路地道,121.49021,31.221708
凉城路桥,121.471093,31.301246
陈士安桥,121.491699,31.224893
横浜桥,121.483066,31.258876
广中路地道,121.479166,31.275509
乍浦路桥,121.487771,31.244224
南何支线铁路立交桥,121.471742,31.306647
白莲泾路桥,121.502287,31.189141
江杨北路桥,121.459888,31.354368
邢家桥,121.485033,31.257211
外白渡桥,121.49006,31.242896
嘉兴路桥,121.487354,31.255023
水电路市河桥,121.476376,31.300063
外滩隧道,121.490199,31.247123
万安路斜塘河桥,121.476527,31.300696
中山北一路桥,121.482529,31.279416
内环南浦大桥立交桥,121.500792,31.20857
车站南路桥,121.478946,31.294535
车站北路沙泾港桥,121.478315,31.297159
丰镇路桥,121.476684,31.30446
哈尔滨路二号桥,121.490169,31.255794
余杭路桥,121.4914,31.251379
汉阳路桥,121.492317,31.250099
延安东路隧道南线,121.496052,31.235825
海宁路桥,121.492002,31.253346
奎照路沙泾港桥,121.480209,31.299699
拓皋路桥,121.49172,31.255323
人民路隧道,121.498699,31.229838
北横通道-新建路出入口（西）,121.492992,31.253411
南浦大桥,121.50552,31.20538
复兴东路隧道(上层),121.501632,31.221622
通州路桥,121.493414,31.259085
祥德路桥,121.490862,31.271039
中山南路地道,121.505379,31.217605
四平路一号桥,121.493396,31.267752
大柏树立交桥,121.48944,31.29253
新建路隧道,121.501638,31.24743
复兴东路隧道(下层),121.508973,31.224158
仁德路桥,121.489646,31.304417
政立路桥,121.490009,31.307934
长江南路西塘桥,121.484653,31.33483
北横通道-新建路出入口（东）,121.504256,31.26002
白莲泾桥,121.527141,31.196083
政青路二桥,121.497864,31.313965
顾全路桥,121.535932,31.170502
政青路一桥,121.498166,31.318219
龙阳路立交桥,121.5291,31.199157
大连路隧道,121.52006,31.246636
南新桥,121.539155,31.173929
国定路桥,121.506564,31.301914
杨树浦港桥,121.511517,31.284819
杨高路浦建路立交,121.531708,31.207766
前锦桥,121.534873,31.197014
邯郸路地道,121.509186,31.298125
抚顺路桥,121.51542,31.280301
农场桥,121.514605,31.284858
本溪路桥,121.517771,31.276831
江浦路桥,121.518234,31.275989
吴淞大桥,121.494651,31.368348
淞沪路地道,121.509847,31.31009
控江路桥,121.519666,31.275226
黄兴路地道,121.515798,31.299928
政澄路桥,121.509683,31.32476
国晓路桥,121.509857,31.32601
北横通道-黄兴路出入口,121.524383,31.27265
国庠路桥,121.516435,31.304919
长江路隧道,121.503517,31.355428
黄兴路桥,121.52193,31.286355
长阳路桥,121.527369,31.266177
江浦路越江隧道,121.532579,31.251635
河间路桥,121.529748,31.262985
国和路,121.51934,31.306264
平凉路桥,121.531602,31.260179
浦东大道地道,121.536771,31.242939
外环隧道,121.503933,31.376873
广州路桥,121.535597,31.25591
黑山路桥,121.522661,31.306429
双阳路桥,121.527523,31.289285
沪南路川杨河桥,121.557017,31.177247
芦家桥,121.534697,31.292719
横浜一号桥,121.517821,31.362738
杨浦大桥,121.545824,31.254951
隆昌路下立交,121.540886,31.277962
清水河桥,121.52899,31.339271
洋泾港桥,121.554994,31.240149
国伟路立交桥,121.532127,31.331627
高浦港二号桥,121.525938,31.356943
军工路二号桥,121.530925,31.339126
包头路桥,121.538673,31.309085
国顺东路桥,121.540373,31.303182
中农新村桥,121.542393,31.296538
佳木斯路桥,121.543254,31.300593
万德路,121.55692,31.250921
中环军工路立交桥,121.546243,31.30697
罗山路立交桥,121.56605,31.236351
毛家浜一号桥,121.532151,31.368262
张江立交桥,121.574846,31.208522
双江路高新河桥,121.537943,31.354191
定海路桥,121.560574,31.271147
海安路桥,121.559076,31.290792
军工路隧道,121.564123,31.272091
周家嘴路越江隧道,121.563326,31.288951
翔殷路隧道,121.566101,31.302505
张家浜桥,121.586555,31.225717
八号桥,121.575653,31.270604
新堰桥,121.590159,31.225849
赵家沟大桥,121.578107,31.286795
金桥路张家浜桥,121.605586,31.229449
三桥,121.605622,31.230205
申江路立交桥,121.62183,31.182728
季景路桥,121.582286,31.344912
胜利路桥,121.583634,31.345207
高木桥,121.632804,31.183069
杨高北路立交桥,121.604225,31.303598
马家宅河桥,121.631513,31.226287
外环运河桥,121.610541,31.334059
吕三桥,121.640565,31.217322
赵家沟桥,121.625332,31.289637
环东二大道立交,121.643733,31.225941
新桥,121.645444,31.231701
金海路跨线桥,121.644055,31.264914
